{
  "version": "1.0",
  "session": {
    "new": false,
    "sessionId": "amzn1.echo-api.session.123456789012",
    "application": {
      "applicationId": "amzn1.ask.skill.987654321"
    },
    "attributes": {},
    "user": {
      "userId": "amzn1.ask.account.testUser"
    }
  },
  "context": {
    "AudioPlayer": {
      "playerActivity": "IDLE"
    },
    "System": {
      "application": {
        "applicationId": "amzn1.ask.skill.987654321"
      },
      "user": {
        "userId": "amzn1.ask.account.userId"
      },
      "device": {
        "supportedInterfaces": {
          "AudioPlayer": {}
        }
      }
    }
  },
  "request": {
    "type": "LaunchRequest",
    "requestId": "amzn1.echo-api.request.1234",
    "timestamp": "2016-10-27T21:06:28Z",
    "locale": "en-US",
    "intent": {
      "name": "LaunchRequest",
      "slots": {
        "Item": {
          "name": "Item",
          "value": "snowball"
        }
      }
    }
  }
}
